archetype,opponent,matches,wins,losses,draws,match_wr,match_lo,match_hi,game_wr,game_lo,game_hi,games,mirror,under_100
Blackwing-DAD,Blackwing-DAD,622,310,310,2,0.5,0.4608,0.5392,0.5,0.4688,0.5294,1090,True,False
Blackwing-DAD,Blackwing,580,296,280,4,0.5139,0.4731,0.5545,0.5063,0.4784,0.5365,1108,False,False
Blackwing-DAD,Frog Monarchs,517,265,244,8,0.5206,0.4772,0.5637,0.5088,0.4781,0.5376,961,False,False
Blackwing-DAD,Lightsworn,411,225,185,1,0.5488,0.5004,0.5963,0.5265,0.4912,0.5627,754,False,False
Blackwing-DAD,Machina,279,144,129,6,0.5275,0.4683,0.5859,0.5302,0.4886,0.5722,513,False,False
Blackwing-DAD,Gladiator Beasts,241,121,119,1,0.5042,0.4413,0.5669,0.5186,0.4723,0.5628,430,False,False
Blackwing-DAD,Quickdraw Plants,128,84,43,1,0.6614,0.5755,0.7379,0.6173,0.5528,0.6816,243,False,False
Blackwing-DAD,HERO Beat,151,85,65,1,0.5667,0.4867,0.6433,0.5458,0.489,0.6065,273,False,False
Blackwing-DAD,Zombies,94,56,35,3,0.6154,0.5127,0.7087,0.5824,0.5132,0.6529,182,False,True
Blackwing-DAD,Unclassified,121,74,46,1,0.6167,0.5273,0.6988,0.5858,0.5272,0.6438,239,False,False
Blackwing-DAD,Other,162,98,62,2,0.6125,0.5352,0.6845,0.5789,0.5234,0.63,323,False,False
Blackwing,Blackwing-DAD,580,280,296,4,0.4861,0.4455,0.5269,0.4937,0.4632,0.5235,1108,False,False
Blackwing,Blackwing,570,279,279,12,0.5,0.4587,0.5413,0.5,0.471,0.5302,1150,True,False
Blackwing,Frog Monarchs,488,274,209,5,0.5673,0.5227,0.6108,0.5553,0.5208,0.5877,931,False,False
Blackwing,Lightsworn,376,203,171,2,0.5428,0.4921,0.5926,0.5257,0.4906,0.5606,759,False,False
Blackwing,Machina,289,151,137,1,0.5243,0.4667,0.5813,0.5275,0.4856,0.5675,582,False,False
Blackwing,Gladiator Beasts,214,103,107,4,0.4905,0.4236,0.5577,0.485,0.4364,0.5347,400,False,False
Blackwing,Quickdraw Plants,127,80,45,2,0.64,0.5528,0.7188,0.5802,0.524,0.6411,262,False,False
Blackwing,HERO Beat,130,70,59,1,0.5426,0.4567,0.6261,0.5328,0.4715,0.596,259,False,False
Blackwing,Zombies,84,43,41,0,0.5119,0.4069,0.6159,0.4944,0.4213,0.5682,178,False,True
Blackwing,Unclassified,98,55,43,0,0.5612,0.4625,0.6553,0.5442,0.4813,0.6078,215,False,True
Blackwing,Other,165,96,67,2,0.589,0.5122,0.6616,0.5741,0.5209,0.6286,317,False,False
Frog Monarchs,Blackwing-DAD,517,244,265,8,0.4794,0.4363,0.5228,0.4912,0.46,0.5211,961,False,False
Frog Monarchs,Blackwing,488,209,274,5,0.4327,0.3892,0.4773,0.4447,0.4127,0.4782,931,False,False
Frog Monarchs,Frog Monarchs,414,204,204,6,0.5,0.4517,0.5483,0.5,0.464,0.5355,780,True,False
Frog Monarchs,Lightsworn,312,151,158,3,0.4887,0.4334,0.5442,0.4889,0.4464,0.5339,583,False,False
Frog Monarchs,Machina,233,133,97,3,0.5783,0.5137,0.6403,0.5702,0.5251,0.6152,456,False,False
Frog Monarchs,Gladiator Beasts,196,66,129,1,0.3385,0.2757,0.4074,0.3911,0.3432,0.4372,381,False,False
Frog Monarchs,Quickdraw Plants,96,55,40,1,0.5789,0.4785,0.6733,0.56,0.4949,0.6212,200,False,True
Frog Monarchs,HERO Beat,123,72,50,1,0.5902,0.5014,0.6734,0.5683,0.5,0.6351,227,False,False
Frog Monarchs,Zombies,73,32,40,1,0.4444,0.3354,0.5591,0.4406,0.359,0.5234,143,False,True
Frog Monarchs,Unclassified,90,51,37,2,0.5795,0.4752,0.6772,0.5556,0.4833,0.631,180,False,True
Frog Monarchs,Other,169,96,73,0,0.568,0.4927,0.6404,0.5503,0.4906,0.6109,318,False,False
Lightsworn,Blackwing-DAD,411,185,225,1,0.4512,0.4037,0.4996,0.4735,0.4375,0.5088,754,False,False
Lightsworn,Blackwing,376,171,203,2,0.4572,0.4074,0.5079,0.4743,0.4381,0.5093,759,False,False
Lightsworn,Frog Monarchs,312,158,151,3,0.5113,0.4558,0.5666,0.5111,0.469,0.5535,583,False,False
Lightsworn,Lightsworn,300,148,148,4,0.5,0.4434,0.5566,0.5,0.4577,0.5411,582,True,False
Lightsworn,Machina,194,105,88,1,0.544,0.4736,0.6128,0.5178,0.4649,0.5722,365,False,False
Lightsworn,Gladiator Beasts,146,74,68,4,0.5211,0.4395,0.6016,0.5056,0.4496,0.5668,269,False,False
Lightsworn,Quickdraw Plants,106,56,50,0,0.5283,0.434,0.6207,0.5346,0.467,0.6054,217,False,False
Lightsworn,HERO Beat,94,52,40,2,0.5652,0.4633,0.6619,0.5405,0.4703,0.6087,185,False,True
Lightsworn,Zombies,79,48,30,1,0.6154,0.5044,0.7155,0.5629,0.4911,0.634,167,False,True
Lightsworn,Unclassified,70,35,35,0,0.5,0.386,0.614,0.5,0.4069,0.5894,144,False,True
Lightsworn,Other,129,62,65,2,0.4882,0.4029,0.5742,0.5,0.4375,0.5615,246,False,False
Machina,Blackwing-DAD,279,129,144,6,0.4725,0.4141,0.5317,0.4698,0.4286,0.5131,513,False,False
Machina,Blackwing,289,137,151,1,0.4757,0.4187,0.5333,0.4725,0.4304,0.5144,582,False,False
Machina,Frog Monarchs,233,97,133,3,0.4217,0.3597,0.4863,0.4298,0.3863,0.4721,456,False,False
Machina,Lightsworn,194,88,105,1,0.456,0.3872,0.5264,0.4822,0.4306,0.533,365,False,False
Machina,Machina,82,40,40,2,0.5,0.393,0.607,0.5,0.4189,0.5793,158,True,True
Machina,Gladiator Beasts,89,33,51,5,0.3929,0.2953,0.4998,0.425,0.3503,0.5062,160,False,True
Machina,Quickdraw Plants,62,36,25,1,0.5902,0.465,0.7046,0.5906,0.5,0.68,127,False,True
Machina,HERO Beat,65,36,27,2,0.5714,0.4486,0.686,0.5379,0.4516,0.6259,132,False,True
Machina,Zombies,49,24,25,0,0.4898,0.3558,0.6253,0.4528,0.3608,0.5455,106,False,True
Machina,Unclassified,53,31,22,0,0.5849,0.4509,0.7074,0.5229,0.4261,0.6134,109,False,True
Machina,Other,75,41,32,2,0.5616,0.4476,0.6695,0.5312,0.4595,0.6012,160,False,True
Gladiator Beasts,Blackwing-DAD,241,119,121,1,0.4958,0.4331,0.5587,0.4814,0.4346,0.5291,430,False,False
Gladiator Beasts,Blackwing,214,107,103,4,0.5095,0.4423,0.5764,0.515,0.466,0.5611,400,False,False
Gladiator Beasts,Frog Monarchs,196,129,66,1,0.6615,0.5926,0.7243,0.6089,0.5632,0.6575,381,False,False
Gladiator Beasts,Lightsworn,146,68,74,4,0.4789,0.3984,0.5605,0.4944,0.4363,0.556,269,False,False
Gladiator Beasts,Machina,89,51,33,5,0.6071,0.5002,0.7047,0.575,0.4967,0.6516,160,False,True
Gladiator Beasts,Gladiator Beasts,78,39,39,0,0.5,0.3917,0.6083,0.5,0.4146,0.5873,122,True,True
Gladiator Beasts,Quickdraw Plants,48,29,19,0,0.6042,0.4631,0.7298,0.587,0.4778,0.6988,92,False,True
Gladiator Beasts,HERO Beat,52,24,28,0,0.4615,0.3334,0.595,0.4592,0.3465,0.5743,98,False,True
Gladiator Beasts,Zombies,34,21,13,0,0.6176,0.4504,0.761,0.5753,0.4625,0.6901,73,False,True
Gladiator Beasts,Unclassified,39,28,11,0,0.7179,0.5622,0.8346,0.6494,0.5526,0.7571,77,False,True
Gladiator Beasts,Other,57,32,25,0,0.5614,0.4328,0.6823,0.5429,0.4466,0.6486,105,False,True
Quickdraw Plants,Blackwing-DAD,128,43,84,1,0.3386,0.2621,0.4245,0.3827,0.3193,0.4453,243,False,False
Quickdraw Plants,Blackwing,127,45,80,2,0.36,0.2812,0.4472,0.4198,0.3591,0.4794,262,False,False
Quickdraw Plants,Frog Monarchs,96,40,55,1,0.4211,0.3267,0.5215,0.44,0.3743,0.5026,200,False,True
Quickdraw Plants,Lightsworn,106,50,56,0,0.4717,0.3793,0.566,0.4654,0.3981,0.536,217,False,False
Quickdraw Plants,Machina,62,25,36,1,0.4098,0.2954,0.535,0.4094,0.3226,0.4961,127,False,True
Quickdraw Plants,Gladiator Beasts,48,19,29,0,0.3958,0.2702,0.5369,0.413,0.3043,0.5158,92,False,True
Quickdraw Plants,Quickdraw Plants,30,15,15,0,0.5,0.3315,0.6685,0.5,0.3714,0.6333,62,True,True
Quickdraw Plants,HERO Beat,41,23,17,1,0.575,0.422,0.7149,0.5747,0.4767,0.6744,87,False,True
Quickdraw Plants,Zombies,27,8,19,0,0.2963,0.1585,0.4848,0.3571,0.2281,0.4833,56,False,True
Quickdraw Plants,Unclassified,26,14,12,0,0.5385,0.3546,0.7124,0.4643,0.3158,0.5962,56,False,True
Quickdraw Plants,Other,48,19,28,1,0.4043,0.2764,0.5466,0.4592,0.3542,0.5607,98,False,True
HERO Beat,Blackwing-DAD,151,65,85,1,0.4333,0.3567,0.5133,0.4542,0.3964,0.5106,273,False,False
HERO Beat,Blackwing,130,59,70,1,0.4574,0.3739,0.5433,0.4672,0.4046,0.5283,259,False,False
HERO Beat,Frog Monarchs,123,50,72,1,0.4098,0.3266,0.4986,0.4317,0.3629,0.4979,227,False,False
HERO Beat,Lightsworn,94,40,52,2,0.4348,0.3381,0.5367,0.4595,0.3933,0.5241,185,False,True
HERO Beat,Machina,65,27,36,2,0.4286,0.314,0.5514,0.4621,0.3769,0.5448,132,False,True
HERO Beat,Gladiator Beasts,52,28,24,0,0.5385,0.405,0.6666,0.5408,0.4327,0.6593,98,False,True
HERO Beat,Quickdraw Plants,41,17,23,1,0.425,0.2851,0.578,0.4253,0.3176,0.5263,87,False,True
HERO Beat,HERO Beat,36,17,17,2,0.5,0.3407,0.6593,0.5,0.3939,0.6032,70,True,True
HERO Beat,Zombies,25,13,11,1,0.5417,0.3507,0.7211,0.5094,0.375,0.6364,53,False,True
HERO Beat,Unclassified,27,12,15,0,0.4444,0.2759,0.6269,0.4792,0.3333,0.6346,48,False,True
HERO Beat,Other,36,15,20,1,0.4286,0.2798,0.5914,0.4265,0.3043,0.5538,68,False,True
Zombies,Blackwing-DAD,94,35,56,3,0.3846,0.2913,0.4873,0.4176,0.3506,0.4885,182,False,True
Zombies,Blackwing,84,41,43,0,0.4881,0.3841,0.5931,0.5056,0.4293,0.5792,178,False,True
Zombies,Frog Monarchs,73,40,32,1,0.5556,0.4409,0.6646,0.5594,0.4832,0.6429,143,False,True
Zombies,Lightsworn,79,30,48,1,0.3846,0.2845,0.4956,0.4371,0.366,0.5122,167,False,True
Zombies,Machina,49,25,24,0,0.5102,0.3747,0.6442,0.5472,0.4587,0.6381,106,False,True
Zombies,Gladiator Beasts,34,13,21,0,0.3824,0.239,0.5496,0.4247,0.3,0.5395,73,False,True
Zombies,Quickdraw Plants,27,19,8,0,0.7037,0.5152,0.8415,0.6429,0.5172,0.7736,56,False,True
Zombies,HERO Beat,25,11,13,1,0.4583,0.2789,0.6493,0.4906,0.36,0.625,53,False,True
Zombies,Zombies,28,14,14,0,0.5,0.3263,0.6737,0.5,0.3906,0.6119,62,True,True
Zombies,Unclassified,24,9,15,0,0.375,0.2116,0.5729,0.4464,0.3455,0.5517,56,False,True
Zombies,Other,31,13,17,1,0.4333,0.2738,0.608,0.4627,0.359,0.5769,67,False,True
Unclassified,Blackwing-DAD,121,46,74,1,0.3833,0.3012,0.4727,0.4142,0.3537,0.475,239,False,False
Unclassified,Blackwing,98,43,55,0,0.4388,0.3447,0.5375,0.4558,0.3935,0.5198,215,False,True
Unclassified,Frog Monarchs,90,37,51,2,0.4205,0.3228,0.5248,0.4444,0.3757,0.5215,180,False,True
Unclassified,Lightsworn,70,35,35,0,0.5,0.386,0.614,0.5,0.4133,0.5906,144,False,True
Unclassified,Machina,53,22,31,0,0.4151,0.2926,0.5491,0.4771,0.3866,0.5728,109,False,True
Unclassified,Gladiator Beasts,39,11,28,0,0.2821,0.1654,0.4378,0.3506,0.2429,0.4487,77,False,True
Unclassified,Quickdraw Plants,26,12,14,0,0.4615,0.2876,0.6454,0.5357,0.4,0.6809,56,False,True
Unclassified,HERO Beat,27,15,12,0,0.5556,0.3731,0.7241,0.5208,0.3721,0.6731,48,False,True
Unclassified,Zombies,24,15,9,0,0.625,0.4271,0.7884,0.5536,0.4468,0.6607,56,False,True
Unclassified,Unclassified,46,23,23,0,0.5,0.3612,0.6388,0.5,0.4087,0.5963,112,True,True
Unclassified,Other,44,24,20,0,0.5455,0.4007,0.6829,0.505,0.4184,0.587,101,False,True
Other,Blackwing-DAD,162,62,98,2,0.3875,0.3155,0.4648,0.4211,0.3684,0.474,323,False,False
Other,Blackwing,165,67,96,2,0.411,0.3384,0.4878,0.4259,0.3699,0.4801,317,False,False
Other,Frog Monarchs,169,73,96,0,0.432,0.3596,0.5073,0.4497,0.3935,0.5065,318,False,False
Other,Lightsworn,129,65,62,2,0.5118,0.4258,0.5971,0.5,0.4385,0.5606,246,False,False
Other,Machina,75,32,41,2,0.4384,0.3305,0.5524,0.4688,0.4,0.5417,160,False,True
Other,Gladiator Beasts,57,25,32,0,0.4386,0.3177,0.5672,0.4571,0.3491,0.5588,105,False,True
Other,Quickdraw Plants,48,28,19,1,0.5957,0.4534,0.7236,0.5408,0.4316,0.6452,98,False,True
Other,HERO Beat,36,20,15,1,0.5714,0.4086,0.7202,0.5735,0.4533,0.6984,68,False,True
Other,Zombies,31,17,13,1,0.5667,0.392,0.7262,0.5373,0.4265,0.6406,67,False,True
Other,Unclassified,44,20,24,0,0.4545,0.3171,0.5993,0.495,0.4078,0.5882,101,False,True
Other,Other,64,32,32,0,0.5,0.381,0.619,0.5,0.4275,0.5743,146,True,True
