alt_passcode,canonical_passcode,name,source
41356846,41356845,Acid Trap Hole,ygoprodeck
6150045,6150044,Arcana Knight Joker,ygoprodeck
37970941,37970940,Aussa the Earth Charmer,cdb
37970942,37970940,Aussa the Earth Charmer,cdb
81480461,81480460,Barrel Dragon,manual
72989440,72989439,Black Luster Soldier - Envoy of the Beginning,cdb
73580472,73580471,Black Rose Dragon,ygoprodeck
53183601,53183600,Blue-Eyes Toon Dragon,cdb
23995347,23995346,Blue-Eyes Ultimate Dragon,ygoprodeck
23995348,23995346,Blue-Eyes Ultimate Dragon,ygoprodeck
23995349,23995346,Blue-Eyes Ultimate Dragon,cdb
89631133,89631139,Blue-Eyes White Dragon,cdb
89631134,89631139,Blue-Eyes White Dragon,cdb
89631135,89631139,Blue-Eyes White Dragon,cdb
89631136,89631139,Blue-Eyes White Dragon,cdb
89631137,89631139,Blue-Eyes White Dragon,cdb
89631138,89631139,Blue-Eyes White Dragon,cdb
89631140,89631139,Blue-Eyes White Dragon,ygoprodeck
89631141,89631139,Blue-Eyes White Dragon,ygoprodeck
89631142,89631139,Blue-Eyes White Dragon,ygoprodeck
89631143,89631139,Blue-Eyes White Dragon,ygoprodeck
89631144,89631139,Blue-Eyes White Dragon,ygoprodeck
89631145,89631139,Blue-Eyes White Dragon,ygoprodeck
89631146,89631139,Blue-Eyes White Dragon,ygoprodeck
89631147,89631139,Blue-Eyes White Dragon,cdb
89631148,89631139,Blue-Eyes White Dragon,cdb
71413902,71413901,Breaker the Magical Warrior,cdb
78193832,78193831,Buster Blader,ygoprodeck
78193833,78193831,Buster Blader,cdb
97077564,97077563,Call of the Haunted,cdb
91152257,91152256,Celtic Guardian,ygoprodeck
91152258,91152256,Celtic Guardian,ygoprodeck
57728571,57728570,Crush Card Virus,ygoprodeck
70095155,70095154,Cyber Dragon,ygoprodeck
1546124,1546123,Cyber End Dragon,ygoprodeck
36996508,46986414,Dark Magician,ygoprodeck
46986409,46986414,Dark Magician,cdb
46986410,46986414,Dark Magician,cdb
46986411,46986414,Dark Magician,cdb
46986412,46986414,Dark Magician,cdb
46986413,46986414,Dark Magician,cdb
46986415,46986414,Dark Magician,ygoprodeck
46986416,46986414,Dark Magician,ygoprodeck
46986417,46986414,Dark Magician,ygoprodeck
46986418,46986414,Dark Magician,ygoprodeck
46986419,46986414,Dark Magician,ygoprodeck
46986420,46986414,Dark Magician,ygoprodeck
46986421,46986414,Dark Magician,ygoprodeck
46986422,46986414,Dark Magician,cdb
46986423,46986414,Dark Magician,cdb
38033120,38033121,Dark Magician Girl,cdb
38033122,38033121,Dark Magician Girl,ygoprodeck
38033123,38033121,Dark Magician Girl,ygoprodeck
38033124,38033121,Dark Magician Girl,ygoprodeck
38033125,38033121,Dark Magician Girl,ygoprodeck
38033126,38033121,Dark Magician Girl,ygoprodeck
38033127,38033121,Dark Magician Girl,cdb
38033128,38033121,Dark Magician Girl,cdb
38033129,38033121,Dark Magician Girl,cdb
38033130,38033121,Dark Magician Girl,cdb
98502114,98502113,Dark Paladin,ygoprodeck
98502115,98502113,Dark Paladin,ygoprodeck
98502116,98502113,Dark Paladin,cdb
98502117,98502113,Dark Paladin,cdb
83965311,83965310,Destiny HERO - Plasma,ygoprodeck
19327349,19327348,Dharc the Dark Charmer,cdb
84257640,84257639,Dian Keto the Cure Master,ygoprodeck
80193356,80193355,Dramatic Rescue,ygoprodeck
21844577,21844576,Elemental HERO Avian,ygoprodeck
58932616,58932615,Elemental HERO Burstinatrix,ygoprodeck
35809263,35809262,Elemental HERO Flame Wingman,cdb
89943724,89943723,Elemental HERO Neos,ygoprodeck
89943725,89943723,Elemental HERO Neos,cdb
89943726,89943723,Elemental HERO Neos,cdb
20721929,20721928,Elemental HERO Sparkman,ygoprodeck
40044919,40044918,Elemental HERO Stratos,ygoprodeck
74364660,74364659,Eria the Water Charmer,cdb
74364661,74364659,Eria the Water Charmer,cdb
33396949,33396948,Exodia the Forbidden One,cdb
33396950,33396948,Exodia the Forbidden One,cdb
33396951,33396948,Exodia the Forbidden One,cdb
31887906,31887905,Familiar-Possessed - Aussa,ygoprodeck
68881650,68881649,Familiar-Possessed - Eria,ygoprodeck
4376659,4376658,Familiar-Possessed - Hiita,ygoprodeck
31764354,31764353,Familiar-Possessed - Wynn,ygoprodeck
81172177,81172176,Fiend Comedian,ygoprodeck
73134082,73134081,Final Flame,ygoprodeck
99267151,99267150,Five-Headed Dragon,ygoprodeck
45231178,45231177,Flame Swordsman,ygoprodeck
81439174,81439173,Foolish Burial,ygoprodeck
6368039,6368038,Gaia The Fierce Knight,ygoprodeck
423706,423705,Gearfried the Iron Knight,cdb
69140099,69140098,Gemini Elf,ygoprodeck
36354008,36354007,Gilford the Lightning,ygoprodeck
44330100,44330098,Gorz the Emissary of Darkness,cdb
31122091,31122090,Gyakutenno Megami,ygoprodeck
32491823,32491822,"Hamon, Lord of Striking Thunder",cdb
18144507,18144506,Harpie's Feather Duster,ygoprodeck
759394,759393,Hiita the Fire Charmer,cdb
759395,759393,Hiita the Fire Charmer,cdb
37742479,37742478,Honest,cdb
77585514,77585513,Jinzo,ygoprodeck
60800382,60800381,Junk Warrior,cdb
60800383,60800381,Junk Warrior,cdb
60800384,60800381,Junk Warrior,cdb
37390590,37390589,Kunai with Chain,ygoprodeck
40640058,40640057,Kuriboh,ygoprodeck
40640059,40640057,Kuriboh,ygoprodeck
97590748,97590747,La Jinn the Mystical Genie of the Lamp,ygoprodeck
90330454,90330453,Last Day of Witch,ygoprodeck
87322378,87322377,Launcher Spider,ygoprodeck
23171611,23171610,Limiter Removal,cdb
31305912,31305911,Marshmallon,cdb
68540059,68540058,Metalmorph,ygoprodeck
32012842,32012841,Millennium Shield,ygoprodeck
96782896,96782886,Mind Master,cdb
83764719,83764718,Monster Reborn,ygoprodeck
83011278,83011277,Mystic Tomato,ygoprodeck
10000001,10000000,Obelisk the Tormentor,ygoprodeck
10000002,10000000,Obelisk the Tormentor,ygoprodeck
19230408,19230407,Offerings to the Doomed,ygoprodeck
29843095,29843091,Ojama Trio,cdb
2295441,2295440,One for One,cdb
39751094,39751093,Otohime,ygoprodeck
42035045,42035044,Panther Warrior,ygoprodeck
27911550,27911549,Parasite Paracide,ygoprodeck
24094654,24094653,Polymerization,cdb
24094655,24094653,Polymerization,cdb
27847700,24094653,Polymerization,ygoprodeck
12580478,12580477,Raigeki,cdb
74677423,74677422,Red-Eyes Black Dragon,ygoprodeck
74677424,74677422,Red-Eyes Black Dragon,ygoprodeck
74677425,74677422,Red-Eyes Black Dragon,ygoprodeck
74677426,74677422,Red-Eyes Black Dragon,ygoprodeck
74677427,74677422,Red-Eyes Black Dragon,ygoprodeck
74677428,74677422,Red-Eyes Black Dragon,cdb
74677429,74677422,Red-Eyes Black Dragon,cdb
74677430,74677422,Red-Eyes Black Dragon,cdb
74677431,74677422,Red-Eyes Black Dragon,cdb
64335805,64335804,Red-Eyes Black Metal Dragon,ygoprodeck
88264979,88264978,Red-Eyes Darkness Metal Dragon,ygoprodeck
32807847,32807846,Reinforcement of the Army,cdb
32807848,32807846,Reinforcement of the Army,cdb
14878872,14878871,Rescue Cat,ygoprodeck
83555667,83555666,Ring of Destruction,ygoprodeck
23401840,23401839,Senju of the Thousand Hands,ygoprodeck
72443569,72443568,Silent Magician LV8,cdb
32274491,32274490,Skull Servant,cdb
47852925,47852924,Soul of the Pure,ygoprodeck
18807109,18807108,Spellbinding Circle,ygoprodeck
44508095,44508094,Stardust Dragon,ygoprodeck
44508096,44508094,Stardust Dragon,cdb
61257790,61257789,Stardust Dragon Assault Mode,cdb
70781053,70781052,Summoned Skull (Archfiend),cdb
70781054,70781052,Summoned Skull (Archfiend),cdb
70781055,70781052,Summoned Skull (Archfiend),cdb
70781057,70781052,Summoned Skull (Archfiend),cdb
90740330,90740329,Taunt,ygoprodeck
84080939,84080938,The Forgiving Maiden,ygoprodeck
41462084,41462083,Thousand Dragon,ygoprodeck
71564253,71564252,Thunder King Rai-Oh,cdb
49791928,49791927,Tiger Axe,ygoprodeck
71625223,71625222,Time Wizard,cdb
90960359,90960358,Toon Dark Magician Girl,cdb
15259704,15259703,Toon World,ygoprodeck
35686188,35686187,Tragedy,ygoprodeck
80604092,80604091,Ultimate Offering,ygoprodeck
6007214,6007213,"Uria, Lord of Searing Flames",cdb
56043447,56043446,Viser Des,ygoprodeck
14898067,14898066,Vorse Raider,ygoprodeck
77754945,77754944,Widespread Ruin,ygoprodeck
57116034,57116033,Winged Kuriboh,ygoprodeck
37744403,37744402,Wynn the Wind Charmer,cdb
37744404,37744402,Wynn the Wind Charmer,cdb
91998120,91998119,XYZ-Dragon Cannon,ygoprodeck
91998121,91998119,XYZ-Dragon Cannon,ygoprodeck
91998122,91998119,XYZ-Dragon Cannon,cdb
