id,name,copies,status
72989439,Black Luster Soldier - Envoy of the Beginning,0,Forbidden
69243953,Butterfly Dagger - Elma,0,Forbidden
57953380,Card of Safe Return,0,Forbidden
4031928,Change of Heart,0,Forbidden
82301904,Chaos Emperor Dragon - Envoy of the End,0,Forbidden
17375316,Confiscation,0,Forbidden
57728570,Crush Card Virus,0,Forbidden
34124316,Cyber Jar,0,Forbidden
69015963,Cyber-Stein,0,Forbidden
53129443,Dark Hole,0,Forbidden
40737112,Dark Magician of Chaos,0,Forbidden
32646477,Dark Strike Fighter,0,Forbidden
44763025,Delinquent Duo,0,Forbidden
56570271,Destiny HERO - Disk Commander,0,Forbidden
23557835,Dimension Fusion,0,Forbidden
17484499,Exchange of the Spirit,0,Forbidden
78706415,Fiber Jar,0,Forbidden
79571449,Graceful Charity,0,Forbidden
18144507,Harpie's Feather Duster,0,Forbidden
61740673,Imperial Order,0,Forbidden
28566710,Last Turn,0,Forbidden
85602018,Last Will,0,Forbidden
34206604,Magical Scientist,0,Forbidden
31560081,Magician of Faith,0,Forbidden
21593977,Makyura the Destructor,0,Forbidden
46411259,Metamorphosis,0,Forbidden
41482598,Mirage of Nightmare,0,Forbidden
83764719,Monster Reborn,0,Forbidden
74191942,Painful Choice,0,Forbidden
55144522,Pot of Greed,0,Forbidden
70828912,Premature Burial,0,Forbidden
12580477,Raigeki,0,Forbidden
83555666,Ring of Destruction,0,Forbidden
8131171,Sinister Serpent,0,Forbidden
45986603,Snatch Steal,0,Forbidden
42829885,The Forceful Sentry,0,Forbidden
63519819,Thousand-Eyes Restrict,0,Forbidden
35316708,Time Seal,0,Forbidden
33184167,Tribe-Infecting Virus,0,Forbidden
34853266,Tsukuyomi,0,Forbidden
44910027,Victory Dragon,0,Forbidden
78010363,Witch of the Black Forest,0,Forbidden
3078576,Yata-Garasu,0,Forbidden
46052429,Advanced Ritual Art,1,Limited
1475311,Allure of Darkness,1,Limited
73580471,Black Rose Dragon,1,Limited
2009101,Blackwing - Gale the Whirlwind,1,Limited
87910978,Brain Control,1,Limited
50321796,"Brionac, Dragon of the Ice Barrier",1,Limited
48976825,Burial from a Different Dimension,1,Limited
97077563,Call of the Haunted,1,Limited
72892473,Card Destruction,1,Limited
85087012,Card Trooper,1,Limited
36468556,Ceasefire,1,Limited
9596126,Chaos Sorcerer,1,Limited
94886282,Charge of the Light Brigade,1,Limited
60682203,Cold Wave,1,Limited
65192027,Dark Armed Dragon,1,Limited
45809008,Destiny Draw,1,Limited
40044918,Elemental HERO Stratos,1,Limited
67723438,Emergency Teleport,1,Limited
33396948,Exodia the Forbidden One,1,Limited
81439173,Foolish Burial,1,Limited
77565204,Future Fusion,1,Limited
42703248,Giant Trunade,1,Limited
41470137,Gladiator Beast Bestiari,1,Limited
44330098,Gorz the Emissary of Darkness,1,Limited
7391448,Goyo Guardian,1,Limited
85742772,Gravity Bind,1,Limited
19613556,Heavy Storm,1,Limited
7902349,Left Arm of the Forbidden One,1,Limited
44519536,Left Leg of the Forbidden One,1,Limited
3136426,Level Limit - Area B,1,Limited
23171610,Limiter Removal,1,Limited
95503687,"Lumina, Lightsworn Summoner",1,Limited
62279055,Magic Cylinder,1,Limited
32723153,Magical Explosion,1,Limited
31305911,Marshmallon,1,Limited
22046459,Megamorph,1,Limited
92826944,Mezuki,1,Limited
37520316,Mind Control,1,Limited
15800838,Mind Crush,1,Limited
96782886,Mind Master,1,Limited
44095762,Mirror Force,1,Limited
43040603,Monster Gate,1,Limited
33508719,Morphing Jar,1,Limited
5318639,Mystical Space Typhoon,1,Limited
4906301,Necro Gardna,1,Limited
28297833,Necroface,1,Limited
80344569,Neo-Spacian Grand Mole,1,Limited
16226786,Night Assailant,1,Limited
29843091,Ojama Trio,1,Limited
2295440,One for One,1,Limited
3659803,Overload Fusion,1,Limited
33420078,Plaguespreader Zombie,1,Limited
58577036,Reasoning,1,Limited
32807846,Reinforcement of the Army,1,Limited
14878871,Rescue Cat,1,Limited
27174286,Return from the Different Dimension,1,Limited
70903634,Right Arm of the Forbidden One,1,Limited
8124921,Right Leg of the Forbidden One,1,Limited
26202165,Sangan,1,Limited
73915051,Scapegoat,1,Limited
84290642,Snipe Hunter,1,Limited
41420027,Solemn Judgment,1,Limited
23205979,Spirit Reaper,1,Limited
423585,Summoner Monk,1,Limited
72302403,Swords of Revealing Light,1,Limited
46652477,The Transmigration Prophecy,1,Limited
53582587,Torrential Tribute,1,Limited
98777036,Tragoedia,1,Limited
64697231,Trap Dustshoot,1,Limited
17078030,Wall of Revealing Light,1,Limited
91351370,Black Whirlwind,2,Semi-Limited
29401950,Bottomless Trap Hole,2,Semi-Limited
91623717,Chain Strike,2,Semi-Limited
70095154,Cyber Dragon,2,Semi-Limited
15341821,Dandylion,2,Semi-Limited
72426662,"Demise, King of Armageddon",2,Semi-Limited
9411399,Destiny HERO - Malicious,2,Semi-Limited
63665875,Goblin Zombie,2,Semi-Limited
75500286,Gold Sarcophagus,2,Semi-Limited
37742478,Honest,2,Semi-Limited
57774843,Judgment Dragon,2,Semi-Limited
48686504,Lonefire Blossom,2,Semi-Limited
98494543,Magical Stone Excavation,2,Semi-Limited
51452091,Royal Decree,2,Semi-Limited
93016201,Royal Oppression,2,Semi-Limited
82732705,Skill Drain,2,Semi-Limited
12538374,Treeborn Frog,2,Semi-Limited
80604091,Ultimate Offering,2,Semi-Limited
56747793,United We Stand,2,Semi-Limited
