id,name,category,edisonformat_net,ygoprodeck_tcg_date,ygoprodeck_type
60417395,Darkness Neosphere,edison_after_cutoff,legal,2011-04-09,Effect Monster
13893596,Exodius the Ultimate Forbidden Lord,edison_after_cutoff,legal,2010-11-02,Effect Monster
31038159,Genesis Dragon,edison_after_cutoff,legal,2011-06-24,Effect Monster
,Orichalcos Shunoros,edison_after_cutoff,legal,2011-06-24,Effect Monster
501000006,"Chimaera, the Master of Beasts",edison_illegal_but_dated,Illegal,2007-07-28,Effect Monster
501000007,Emperor of Lightning,edison_illegal_but_dated,Illegal,2007-07-28,Effect Monster
111000561,Get Your Game On!,edison_illegal_but_dated,Illegal,2007-07-28,Spell Card
501000002,King of Destruction - Xexex,edison_illegal_but_dated,Illegal,2005-08-07,Effect Monster
501000001,Meteo the Matchless,edison_illegal_but_dated,Illegal,2004-07-25,Effect Monster
501000003,Queen of Fate - Eternia,edison_illegal_but_dated,Illegal,2005-08-07,Effect Monster
501000004,Testament of the Arcane Lords,edison_illegal_but_dated,Illegal,2006-07-02,Effect Monster
501000000,Ulevo,edison_illegal_but_dated,Illegal,2004-07-25,Effect Monster
149694341,???,ygoprodeck_only,not listed,1990-01-01,Spell Card
59482302,Ally Salvo,ygoprodeck_only,not listed,2010-01-29,Effect Monster
19204398,Ally of Justice Light Gazer,ygoprodeck_only,not listed,2010-01-29,Synchro Monster
85876417,Ally of Justice Thousand Arms,ygoprodeck_only,not listed,2010-01-29,Effect Monster
22371016,Ally of Justice Unknown Crusher,ygoprodeck_only,not listed,2010-01-29,Effect Monster
82340057,Ceremonial Token,ygoprodeck_only,not listed,2010-02-12,Token
54326448,Flamvell Archer,ygoprodeck_only,not listed,2010-01-29,Tuner Monster
91711547,Flamvell Fiend,ygoprodeck_only,not listed,2010-01-29,Effect Monster
28332833,Flamvell Poun,ygoprodeck_only,not listed,2010-01-29,Effect Monster
68505803,Genex Controller,ygoprodeck_only,not listed,2010-01-29,Normal Tuner Monster
30399511,Genex Power Planner,ygoprodeck_only,not listed,2010-01-29,Effect Monster
67483216,Genex Searcher,ygoprodeck_only,not listed,2010-01-29,Effect Monster
4904812,Genex Undine,ygoprodeck_only,not listed,2010-01-29,Effect Monster
93882364,Genex Worker,ygoprodeck_only,not listed,2010-01-29,Effect Monster
47421985,Hydro Genex,ygoprodeck_only,not listed,2010-01-29,Synchro Monster
65549080,Mist Condor,ygoprodeck_only,not listed,2010-01-29,Effect Monster
29054481,Mist Valley Watcher,ygoprodeck_only,not listed,2010-01-29,Normal Monster
92933195,Mist Valley Windmaster,ygoprodeck_only,not listed,2010-01-29,Tuner Monster
92065772,Numbing Grub in the Ice Barrier,ygoprodeck_only,not listed,2010-01-29,Effect Monster
30276969,Reese the Ice Mistress,ygoprodeck_only,not listed,2010-01-29,Tuner Monster
66661678,Royal Knight of the Ice Barrier,ygoprodeck_only,not listed,2010-01-29,Effect Monster
73915052,Sheep Token,ygoprodeck_only,not listed,2006-07-20,Token
54343893,Vice Dragon,ygoprodeck_only,not listed,2009-06-23,Effect Monster
58760121,Worm Falco,ygoprodeck_only,not listed,2010-01-29,Flip Effect Monster
85754829,Worm Gulse,ygoprodeck_only,not listed,2010-01-29,Effect Monster
11159464,Worm Hope,ygoprodeck_only,not listed,2010-01-29,Flip Effect Monster
57543573,Worm Illidan,ygoprodeck_only,not listed,2010-01-29,Effect Monster
84932271,Worm Jetelikpse,ygoprodeck_only,not listed,2010-01-29,Flip Effect Monster
10026986,Worm King,ygoprodeck_only,not listed,2010-01-29,Effect Monster
96099959,X-Saber Palomuro,ygoprodeck_only,not listed,2010-01-29,Tuner Monster
23093604,X-Saber Pashuul,ygoprodeck_only,not listed,2010-01-29,Tuner Monster
83810690,X-Saber Wayne,ygoprodeck_only,not listed,2010-01-29,Synchro Monster
